-- MySQL dump 10.13  Distrib 8.0.42, for Win64 (x86_64)
--
-- Host: 192.168.168.100    Database: sara
-- ------------------------------------------------------
-- Server version	9.0.1

/*!40101 SET @OLD_CHARACTER_SET_CLIENT=@@CHARACTER_SET_CLIENT */;
/*!40101 SET @OLD_CHARACTER_SET_RESULTS=@@CHARACTER_SET_RESULTS */;
/*!40101 SET @OLD_COLLATION_CONNECTION=@@COLLATION_CONNECTION */;
/*!50503 SET NAMES utf8 */;
/*!40103 SET @OLD_TIME_ZONE=@@TIME_ZONE */;
/*!40103 SET TIME_ZONE='+00:00' */;
/*!40014 SET @OLD_UNIQUE_CHECKS=@@UNIQUE_CHECKS, UNIQUE_CHECKS=0 */;
/*!40014 SET @OLD_FOREIGN_KEY_CHECKS=@@FOREIGN_KEY_CHECKS, FOREIGN_KEY_CHECKS=0 */;
/*!40101 SET @OLD_SQL_MODE=@@SQL_MODE, SQL_MODE='NO_AUTO_VALUE_ON_ZERO' */;
/*!40111 SET @OLD_SQL_NOTES=@@SQL_NOTES, SQL_NOTES=0 */;

--
-- Table structure for table `agenda`
--

DROP TABLE IF EXISTS `agenda`;
/*!40101 SET @saved_cs_client     = @@character_set_client */;
/*!50503 SET character_set_client = utf8mb4 */;
CREATE TABLE `agenda` (
  `id` bigint unsigned NOT NULL AUTO_INCREMENT,
  `id_ambulatorio` bigint unsigned NOT NULL,
  `giorno` varchar(255) CHARACTER SET utf8mb4 COLLATE utf8mb4_unicode_ci NOT NULL,
  `ora_inizio` time NOT NULL,
  `ora_fine` time NOT NULL,
  `slot` int DEFAULT NULL,
  `id_user` bigint unsigned DEFAULT NULL,
  `stato` int DEFAULT NULL,
  `created_at` timestamp NULL DEFAULT NULL,
  `updated_at` timestamp NULL DEFAULT NULL,
  PRIMARY KEY (`id`),
  KEY `agenda_id_user_foreign` (`id_user`),
  CONSTRAINT `agenda_id_user_foreign` FOREIGN KEY (`id_user`) REFERENCES `users` (`id`) ON DELETE SET NULL
) ENGINE=InnoDB AUTO_INCREMENT=9 DEFAULT CHARSET=utf8mb4 COLLATE=utf8mb4_unicode_ci;
/*!40101 SET character_set_client = @saved_cs_client */;



--
-- Table structure for table `ambulatori`
--

DROP TABLE IF EXISTS `ambulatori`;
/*!40101 SET @saved_cs_client     = @@character_set_client */;
/*!50503 SET character_set_client = utf8mb4 */;
CREATE TABLE `ambulatori` (
  `id` bigint unsigned NOT NULL AUTO_INCREMENT,
  `descrizione` varchar(255) CHARACTER SET utf8mb4 COLLATE utf8mb4_unicode_ci NOT NULL,
  `indirizzo` varchar(255) CHARACTER SET utf8mb4 COLLATE utf8mb4_unicode_ci NOT NULL,
  `telefono` varchar(255) CHARACTER SET utf8mb4 COLLATE utf8mb4_unicode_ci DEFAULT NULL,
  `email` varchar(255) CHARACTER SET utf8mb4 COLLATE utf8mb4_unicode_ci DEFAULT NULL,
  PRIMARY KEY (`id`)
) ENGINE=InnoDB AUTO_INCREMENT=9 DEFAULT CHARSET=utf8mb4 COLLATE=utf8mb4_unicode_ci;
/*!40101 SET character_set_client = @saved_cs_client */;



--
-- Table structure for table `branche`
--

DROP TABLE IF EXISTS `branche`;
/*!40101 SET @saved_cs_client     = @@character_set_client */;
/*!50503 SET character_set_client = utf8mb4 */;
CREATE TABLE `branche` (
  `id` bigint unsigned NOT NULL AUTO_INCREMENT,
  `nome_branca` varchar(255) CHARACTER SET utf8mb4 COLLATE utf8mb4_unicode_ci DEFAULT NULL,
  `stato_branca` varchar(255) CHARACTER SET utf8mb4 COLLATE utf8mb4_unicode_ci DEFAULT NULL,
  `created_at` timestamp NULL DEFAULT NULL,
  `updated_at` timestamp NULL DEFAULT NULL,
  PRIMARY KEY (`id`)
) ENGINE=InnoDB AUTO_INCREMENT=23 DEFAULT CHARSET=utf8mb4 COLLATE=utf8mb4_unicode_ci;
/*!40101 SET character_set_client = @saved_cs_client */;



--
-- Table structure for table `cache`
--

DROP TABLE IF EXISTS `cache`;
/*!40101 SET @saved_cs_client     = @@character_set_client */;
/*!50503 SET character_set_client = utf8mb4 */;
CREATE TABLE `cache` (
  `key` varchar(255) CHARACTER SET utf8mb4 COLLATE utf8mb4_unicode_ci NOT NULL,
  `value` mediumtext CHARACTER SET utf8mb4 COLLATE utf8mb4_unicode_ci NOT NULL,
  `expiration` int NOT NULL,
  PRIMARY KEY (`key`)
) ENGINE=InnoDB DEFAULT CHARSET=utf8mb4 COLLATE=utf8mb4_unicode_ci;
/*!40101 SET character_set_client = @saved_cs_client */;



--
-- Table structure for table `cache_locks`
--

DROP TABLE IF EXISTS `cache_locks`;
/*!40101 SET @saved_cs_client     = @@character_set_client */;
/*!50503 SET character_set_client = utf8mb4 */;
CREATE TABLE `cache_locks` (
  `key` varchar(255) CHARACTER SET utf8mb4 COLLATE utf8mb4_unicode_ci NOT NULL,
  `owner` varchar(255) CHARACTER SET utf8mb4 COLLATE utf8mb4_unicode_ci NOT NULL,
  `expiration` int NOT NULL,
  PRIMARY KEY (`key`)
) ENGINE=InnoDB DEFAULT CHARSET=utf8mb4 COLLATE=utf8mb4_unicode_ci;
/*!40101 SET character_set_client = @saved_cs_client */;



--
-- Table structure for table `categorie_di_vulnerabilita`
--

DROP TABLE IF EXISTS `categorie_di_vulnerabilita`;
/*!40101 SET @saved_cs_client     = @@character_set_client */;
/*!50503 SET character_set_client = utf8mb4 */;
CREATE TABLE `categorie_di_vulnerabilita` (
  `id` bigint unsigned NOT NULL AUTO_INCREMENT,
  `descrizione` varchar(255) CHARACTER SET utf8mb4 COLLATE utf8mb4_unicode_ci DEFAULT NULL,
  PRIMARY KEY (`id`)
) ENGINE=InnoDB AUTO_INCREMENT=8 DEFAULT CHARSET=utf8mb4 COLLATE=utf8mb4_unicode_ci;
/*!40101 SET character_set_client = @saved_cs_client */;



--
-- Table structure for table `codici_icd9`
--

DROP TABLE IF EXISTS `codici_icd9`;
/*!40101 SET @saved_cs_client     = @@character_set_client */;
/*!50503 SET character_set_client = utf8mb4 */;
CREATE TABLE `codici_icd9` (
  `id` bigint unsigned NOT NULL AUTO_INCREMENT,
  `codice` varchar(10) CHARACTER SET utf8mb4 COLLATE utf8mb4_unicode_ci NOT NULL,
  `descrizione` varchar(255) CHARACTER SET utf8mb4 COLLATE utf8mb4_unicode_ci DEFAULT NULL,
  `created_at` timestamp NULL DEFAULT NULL,
  `updated_at` timestamp NULL DEFAULT NULL,
  PRIMARY KEY (`id`)
) ENGINE=InnoDB AUTO_INCREMENT=13930 DEFAULT CHARSET=utf8mb4 COLLATE=utf8mb4_unicode_ci;
/*!40101 SET character_set_client = @saved_cs_client */;


--
-- Table structure for table `comuni`
--

DROP TABLE IF EXISTS `comuni`;
/*!40101 SET @saved_cs_client     = @@character_set_client */;
/*!50503 SET character_set_client = utf8mb4 */;
CREATE TABLE `comuni` (
  `id` bigint unsigned NOT NULL AUTO_INCREMENT,
  `comune` varchar(255) CHARACTER SET utf8mb4 COLLATE utf8mb4_unicode_ci NOT NULL,
  `istat_comune` varchar(255) CHARACTER SET utf8mb4 COLLATE utf8mb4_unicode_ci NOT NULL,
  `CAP` int NOT NULL,
  `distretto` varchar(255) CHARACTER SET utf8mb4 COLLATE utf8mb4_unicode_ci NOT NULL,
  `created_at` timestamp NULL DEFAULT NULL,
  `updated_at` timestamp NULL DEFAULT NULL,
  PRIMARY KEY (`id`)
) ENGINE=InnoDB AUTO_INCREMENT=23 DEFAULT CHARSET=utf8mb4 COLLATE=utf8mb4_unicode_ci;
/*!40101 SET character_set_client = @saved_cs_client */;

--
-- Dumping data for table `comuni`
--

LOCK TABLES `comuni` WRITE;
/*!40000 ALTER TABLE `comuni` DISABLE KEYS */;
INSERT INTO `comuni` VALUES (1,'AUGUSTA','089001',96011,'AUGUSTA','2025-07-25 13:41:46','2025-07-25 13:41:46'),(2,'AVOLA','089002',96012,'NOTO','2025-07-25 13:41:46','2025-07-25 13:41:46'),(3,'BUCCHERI','089003',96010,'SIRACUSA','2025-07-25 13:41:46','2025-07-25 13:41:46'),(4,'BUSCEMI','089004',96010,'SIRACUSA','2025-07-25 13:41:46','2025-07-25 13:41:46'),(5,'CANICATTINI BAGNI','089005',96010,'SIRACUSA','2025-07-25 13:41:46','2025-07-25 13:41:46'),(6,'CARLENTINI','089006',96013,'LENTINI','2025-07-25 13:41:46','2025-07-25 13:41:46'),(7,'CASSARO','089007',96010,'SIRACUSA','2025-07-25 13:41:46','2025-07-25 13:41:46'),(8,'FERLA','089008',96010,'SIRACUSA','2025-07-25 13:41:46','2025-07-25 13:41:46'),(9,'FLORIDIA','089009',96014,'SIRACUSA','2025-07-25 13:41:46','2025-07-25 13:41:46'),(10,'FRANCOFONTE','089010',96015,'LENTINI','2025-07-25 13:41:46','2025-07-25 13:41:46'),(11,'LENTINI','089011',96016,'LENTINI','2025-07-25 13:41:46','2025-07-25 13:41:46'),(12,'MELILLI','089012',96010,'AUGUSTA','2025-07-25 13:41:46','2025-07-25 13:41:46'),(13,'NOTO','089013',96017,'NOTO','2025-07-25 13:41:46','2025-07-25 13:41:46'),(14,'PACHINO','089014',96018,'NOTO','2025-07-25 13:41:46','2025-07-25 13:41:46'),(15,'PALAZZOLO ACREIDE','089015',96010,'SIRACUSA','2025-07-25 13:41:46','2025-07-25 13:41:46'),(16,'PORTOPALO DI CAPO PASSERO','89020',96010,'NOTO','2025-07-25 13:41:46','2025-07-25 13:41:46'),(17,'PRIOLO GARGALLO','089021',96010,'SIRACUSA','2025-07-25 13:41:46','2025-07-25 13:41:46'),(18,'ROSOLINI','089016',96019,'NOTO','2025-07-25 13:41:46','2025-07-25 13:41:46'),(19,'SIRACUSA','089017',96100,'SIRACUSA','2025-07-25 13:41:46','2025-07-25 13:41:46'),(20,'SOLARINO','089018',96010,'SIRACUSA','2025-07-25 13:41:46','2025-07-25 13:41:46'),(21,'SORTINO','89019',96010,'SIRACUSA','2025-07-25 13:41:46','2025-07-25 13:41:46');
/*!40000 ALTER TABLE `comuni` ENABLE KEYS */;
UNLOCK TABLES;

--
-- Table structure for table `condizione_professionale`
--

DROP TABLE IF EXISTS `condizione_professionale`;
/*!40101 SET @saved_cs_client     = @@character_set_client */;
/*!50503 SET character_set_client = utf8mb4 */;
CREATE TABLE `condizione_professionale` (
  `id` bigint unsigned NOT NULL AUTO_INCREMENT,
  `descrizione` varchar(255) CHARACTER SET utf8mb4 COLLATE utf8mb4_unicode_ci DEFAULT NULL,
  PRIMARY KEY (`id`)
) ENGINE=InnoDB AUTO_INCREMENT=6 DEFAULT CHARSET=utf8mb4 COLLATE=utf8mb4_unicode_ci;
/*!40101 SET character_set_client = @saved_cs_client */;



--
-- Table structure for table `criteri_accesso_servizio`
--

DROP TABLE IF EXISTS `criteri_accesso_servizio`;
/*!40101 SET @saved_cs_client     = @@character_set_client */;
/*!50503 SET character_set_client = utf8mb4 */;
CREATE TABLE `criteri_accesso_servizio` (
  `id` bigint unsigned NOT NULL AUTO_INCREMENT,
  `id_user` bigint unsigned NOT NULL,
  `id_ets` int DEFAULT NULL,
  `titolo_studio` int DEFAULT NULL,
  `condizione_professionale` int DEFAULT NULL,
  `cerca_lavoro` int DEFAULT NULL,
  `categoria_vulnerabilita` int DEFAULT NULL,
  `condizione_vulnerabilita_socio_economica` varchar(45) CHARACTER SET utf8mb4 COLLATE utf8mb4_unicode_ci DEFAULT NULL,
  `criteri_contesto` varchar(45) CHARACTER SET utf8mb4 COLLATE utf8mb4_unicode_ci DEFAULT NULL,
  `criteri_persona` varchar(45) CHARACTER SET utf8mb4 COLLATE utf8mb4_unicode_ci DEFAULT NULL,
  `allegato_tessera_sanitaria` varchar(255) CHARACTER SET utf8mb4 COLLATE utf8mb4_unicode_ci DEFAULT NULL,
  `copia_primo_foglio_ISEE_minorenne` varchar(255) CHARACTER SET utf8mb4 COLLATE utf8mb4_unicode_ci DEFAULT NULL,
  `documento_genitore` varchar(255) CHARACTER SET utf8mb4 COLLATE utf8mb4_unicode_ci DEFAULT NULL,
  `copia_primo_foglio_ISEE` varchar(255) CHARACTER SET utf8mb4 COLLATE utf8mb4_unicode_ci DEFAULT NULL,
  `permesso_soggiorno` varchar(255) CHARACTER SET utf8mb4 COLLATE utf8mb4_unicode_ci DEFAULT NULL,
  `allegato_documento_identita` varchar(255) CHARACTER SET utf8mb4 COLLATE utf8mb4_unicode_ci DEFAULT NULL,
  `note` varchar(255) CHARACTER SET utf8mb4 COLLATE utf8mb4_unicode_ci DEFAULT NULL,
  `altri_pdf` varchar(255) CHARACTER SET utf8mb4 COLLATE utf8mb4_unicode_ci DEFAULT NULL,
  `note_pdf` varchar(45) CHARACTER SET utf8mb4 COLLATE utf8mb4_unicode_ci DEFAULT NULL,
  `created_at` timestamp NULL DEFAULT NULL,
  `updated_at` timestamp NULL DEFAULT NULL,
  PRIMARY KEY (`id`),
  KEY `criteri_accesso_servizio_id_user_foreign` (`id_user`),
  CONSTRAINT `criteri_accesso_servizio_id_user_foreign` FOREIGN KEY (`id_user`) REFERENCES `users` (`id`) ON DELETE CASCADE
) ENGINE=InnoDB AUTO_INCREMENT=90 DEFAULT CHARSET=utf8mb4 COLLATE=utf8mb4_unicode_ci;
/*!40101 SET character_set_client = @saved_cs_client */;


--
-- Table structure for table `criteri_contesto`
--

DROP TABLE IF EXISTS `criteri_contesto`;
/*!40101 SET @saved_cs_client     = @@character_set_client */;
/*!50503 SET character_set_client = utf8mb4 */;
CREATE TABLE `criteri_contesto` (
  `id` bigint unsigned NOT NULL AUTO_INCREMENT,
  `descrizione` varchar(255) CHARACTER SET utf8mb4 COLLATE utf8mb4_unicode_ci DEFAULT NULL,
  `codice` varchar(45) CHARACTER SET utf8mb4 COLLATE utf8mb4_unicode_ci DEFAULT NULL,
  PRIMARY KEY (`id`)
) ENGINE=InnoDB AUTO_INCREMENT=5 DEFAULT CHARSET=utf8mb4 COLLATE=utf8mb4_unicode_ci;
/*!40101 SET character_set_client = @saved_cs_client */;

--
-- Dumping data for table `criteri_contesto`
--

LOCK TABLES `criteri_contesto` WRITE;
/*!40000 ALTER TABLE `criteri_contesto` DISABLE KEYS */;
INSERT INTO `criteri_contesto` VALUES (1,'individui homeless','A'),(2,'soggetti che vivono in insediamenti di fortuna e non autorizzati nel tessuto urbano e\r\nrurale','B'),(3,'lavoratori stagionali in agricoltura che vivono in insediamenti informali','C'),(4,'persone che vivono in palazzi occupati;\r\npersone RSC che vivono in insediamenti autorizzati e non','D');
/*!40000 ALTER TABLE `criteri_contesto` ENABLE KEYS */;
UNLOCK TABLES;

--
-- Table structure for table `criteri_persona`
--

DROP TABLE IF EXISTS `criteri_persona`;
/*!40101 SET @saved_cs_client     = @@character_set_client */;
/*!50503 SET character_set_client = utf8mb4 */;
CREATE TABLE `criteri_persona` (
  `id` bigint unsigned NOT NULL AUTO_INCREMENT,
  `descrizione` varchar(255) CHARACTER SET utf8mb4 COLLATE utf8mb4_unicode_ci DEFAULT NULL,
  `codice` varchar(45) CHARACTER SET utf8mb4 COLLATE utf8mb4_unicode_ci DEFAULT NULL,
  PRIMARY KEY (`id`)
) ENGINE=InnoDB AUTO_INCREMENT=7 DEFAULT CHARSET=utf8mb4 COLLATE=utf8mb4_unicode_ci;
/*!40101 SET character_set_client = @saved_cs_client */;

--
-- Dumping data for table `criteri_persona`
--

LOCK TABLES `criteri_persona` WRITE;
/*!40000 ALTER TABLE `criteri_persona` DISABLE KEYS */;
INSERT INTO `criteri_persona` VALUES (1,'ISEE inferiore a 10.000 euro','A'),(2,'STP','B'),(3,'ENI','C'),(4,'Esenzione per reddito','D'),(5,'Dichiarazione dei Servizi Sociali attestante la\r\nsituazione di indigenza','E'),(6,'Dichiarazione attestante la situazione di indigenza o disagio socio-economico da parte dell’ETS','F');
/*!40000 ALTER TABLE `criteri_persona` ENABLE KEYS */;
UNLOCK TABLES;

--
-- Table structure for table `dispositivo_medico`
--

DROP TABLE IF EXISTS `dispositivo_medico`;
/*!40101 SET @saved_cs_client     = @@character_set_client */;
/*!50503 SET character_set_client = utf8mb4 */;
CREATE TABLE `dispositivo_medico` (
  `id` bigint unsigned NOT NULL AUTO_INCREMENT,
  `codice_dispositivo` varchar(255) CHARACTER SET utf8mb4 COLLATE utf8mb4_unicode_ci DEFAULT NULL,
  `nome_dispositivo` varchar(255) CHARACTER SET utf8mb4 COLLATE utf8mb4_unicode_ci DEFAULT NULL,
  `created_at` timestamp NULL DEFAULT NULL,
  `updated_at` timestamp NULL DEFAULT NULL,
  PRIMARY KEY (`id`)
) ENGINE=InnoDB AUTO_INCREMENT=6986 DEFAULT CHARSET=utf8mb4 COLLATE=utf8mb4_unicode_ci;
/*!40101 SET character_set_client = @saved_cs_client */;



--
-- Table structure for table `ets`
--

DROP TABLE IF EXISTS `ets`;
/*!40101 SET @saved_cs_client     = @@character_set_client */;
/*!50503 SET character_set_client = utf8mb4 */;
CREATE TABLE `ets` (
  `id` bigint unsigned NOT NULL AUTO_INCREMENT,
  `descrizione` varchar(255) CHARACTER SET utf8mb4 COLLATE utf8mb4_unicode_ci DEFAULT NULL,
  `sede_legale` varchar(255) CHARACTER SET utf8mb4 COLLATE utf8mb4_unicode_ci DEFAULT NULL,
  `indirizzo_pec_mail` varchar(255) CHARACTER SET utf8mb4 COLLATE utf8mb4_unicode_ci DEFAULT NULL,
  `indirizzo_dpo` varchar(255) CHARACTER SET utf8mb4 COLLATE utf8mb4_unicode_ci DEFAULT NULL,
  `telefono` varchar(255) CHARACTER SET utf8mb4 COLLATE utf8mb4_unicode_ci DEFAULT NULL,
  PRIMARY KEY (`id`)
) ENGINE=InnoDB AUTO_INCREMENT=8 DEFAULT CHARSET=utf8mb4 COLLATE=utf8mb4_unicode_ci;
/*!40101 SET character_set_client = @saved_cs_client */;



--
-- Table structure for table `farmaci`
--

DROP TABLE IF EXISTS `farmaci`;
/*!40101 SET @saved_cs_client     = @@character_set_client */;
/*!50503 SET character_set_client = utf8mb4 */;
CREATE TABLE `farmaci` (
  `id` bigint unsigned NOT NULL AUTO_INCREMENT,
  `codice_farmaco` varchar(45) CHARACTER SET utf8mb4 COLLATE utf8mb4_unicode_ci DEFAULT NULL,
  `descrizione` varchar(255) CHARACTER SET utf8mb4 COLLATE utf8mb4_unicode_ci DEFAULT NULL,
  `tipologia_farmaco` int DEFAULT NULL,
  `stato` int DEFAULT NULL,
  PRIMARY KEY (`id`)
) ENGINE=InnoDB AUTO_INCREMENT=118 DEFAULT CHARSET=utf8mb4 COLLATE=utf8mb4_unicode_ci;
/*!40101 SET character_set_client = @saved_cs_client */;


--
-- Table structure for table `ldap_users`
--

DROP TABLE IF EXISTS `ldap_users`;
/*!40101 SET @saved_cs_client     = @@character_set_client */;
/*!50503 SET character_set_client = utf8mb4 */;
CREATE TABLE `ldap_users` (
  `id` bigint unsigned NOT NULL AUTO_INCREMENT,
  `name` varchar(255) CHARACTER SET utf8mb4 COLLATE utf8mb4_unicode_ci NOT NULL,
  `ldap_username` varchar(255) CHARACTER SET utf8mb4 COLLATE utf8mb4_unicode_ci NOT NULL,
  `ldap_username_verified_at` timestamp NULL DEFAULT NULL,
  `remember_token` varchar(100) CHARACTER SET utf8mb4 COLLATE utf8mb4_unicode_ci DEFAULT NULL,
  `created_at` timestamp NULL DEFAULT NULL,
  `updated_at` timestamp NULL DEFAULT NULL,
  PRIMARY KEY (`id`),
  UNIQUE KEY `ldap_users_ldap_username_unique` (`ldap_username`)
) ENGINE=InnoDB DEFAULT CHARSET=utf8mb4 COLLATE=utf8mb4_unicode_ci;
/*!40101 SET character_set_client = @saved_cs_client */;



--
-- Table structure for table `migrations`
--

DROP TABLE IF EXISTS `migrations`;
/*!40101 SET @saved_cs_client     = @@character_set_client */;
/*!50503 SET character_set_client = utf8mb4 */;
CREATE TABLE `migrations` (
  `id` int unsigned NOT NULL AUTO_INCREMENT,
  `migration` varchar(255) CHARACTER SET utf8mb4 COLLATE utf8mb4_unicode_ci NOT NULL,
  `batch` int NOT NULL,
  PRIMARY KEY (`id`)
) ENGINE=InnoDB AUTO_INCREMENT=55 DEFAULT CHARSET=utf8mb4 COLLATE=utf8mb4_unicode_ci;
/*!40101 SET character_set_client = @saved_cs_client */;

--
-- Dumping data for table `migrations`
--

LOCK TABLES `migrations` WRITE;
/*!40000 ALTER TABLE `migrations` DISABLE KEYS */;
INSERT INTO `migrations` VALUES (1,'2014_10_12_000000_create_ldap_users_table',1),(2,'2014_10_12_100000_create_password_resets_table',1),(3,'2025_06_13_091927_create_cache_table',1),(4,'2025_06_13_101329_create_roles_table',1),(5,'2025_06_13_102210_create_users_table',1),(6,'2025_06_13_143235_create_nazionalita_table',1),(7,'2025_06_16_105755_create_titoli_di_studio_table',1),(8,'2025_06_16_112754_create_condizione_professionale_table',1),(9,'2025_06_16_125216_create_criteri_persona_table',1),(10,'2025_06_16_125738_create_criteri_contesto_table',1),(11,'2025_06_16_142814_create_ricerca_lavoro_table',1),(12,'2025_06_16_142916_create_categorie_di_vulnerabilita_table',1),(13,'2025_06_20_140649_add_password_to_users',1),(14,'2025_06_23_073159_create_criteri_accesso_servizio_table',1),(15,'2025_06_23_080640_add_nazionalita_to_users_table',1),(16,'2025_06_26_105452_create_prenotazioni_table',2),(17,'2025_06_26_131757_create_ambulatori_table',3),(18,'2025_06_26_131936_create_agenda_table',4),(19,'2025_07_01_073033_create_nomenclatore_table',5),(20,'2025_07_01_082630_add_prestazione_to_prenotazioni_table',6),(21,'2025_07_01_084301_add_agenda_id_to_nomenclatore_table',7),(23,'2025_07_04_094430_create_farmaci_table',8),(24,'2025_07_04_141314_create_scheda_paziente_table',9),(27,'2025_07_07_141129_create_branche_table',10),(28,'2025_07_08_102058_add_id_prenotazione_to_scheda_paziente_table',11),(29,'2025_07_11_110558_add_allegati_to_criteri_accesso_servizio_table',12),(33,'2025_07_16_142323_add_note_to_criteri_accesso_servizio_table',13),(34,'2025_07_18_105656_create__ets_table',14),(35,'2025_07_23_074913_create_codici__icd9_table',15),(36,'2025_07_25_133303_create_province_table',16),(38,'2025_07_28_092903_add_creato_da_to_agenda_table',17),(39,'2025_07_29_102318_add_codici_icd9_to_scheda_paziente_table',18),(40,'2025_08_01_083726_create_dispositivo_medico_table',19),(43,'2025_08_05_072653_add_ora_fine_to_prenotazioni_table',20),(45,'2025_08_07_073346_add_assistito_id_to_users_table',21),(46,'2025_08_11_094923_add_note_to_prenotazioni_table',22),(47,'2025_08_12_073421_add_ets_to_criteri_accesso_servizio_table',23),(48,'2025_08_14_145951_create_tipologia_farmaco',24),(49,'2025_09_10_093303_add_columns_to_criteri_accesso_servizio_table',25),(50,'2025_11_06_080908_create_padre_figlio_table',26),(51,'2025_11_06_111408_create_ruolo_referente_table',26),(52,'2025_11_25_160337_add_columns_to_ets_table',27),(53,'2025_11_26_111437_create_user_ets_table',28),(54,'2025_12_18_090357_add_verified_columns_to_users_table',28);
/*!40000 ALTER TABLE `migrations` ENABLE KEYS */;
UNLOCK TABLES;

--
-- Table structure for table `nazionalita`
--

DROP TABLE IF EXISTS `nazionalita`;
/*!40101 SET @saved_cs_client     = @@character_set_client */;
/*!50503 SET character_set_client = utf8mb4 */;
CREATE TABLE `nazionalita` (
  `id` bigint unsigned NOT NULL AUTO_INCREMENT,
  `nome_nazione` varchar(255) CHARACTER SET utf8mb4 COLLATE utf8mb4_unicode_ci DEFAULT NULL,
  `codice_nazione` varchar(255) CHARACTER SET utf8mb4 COLLATE utf8mb4_unicode_ci DEFAULT NULL,
  `created_at` timestamp NULL DEFAULT NULL,
  `updated_at` timestamp NULL DEFAULT NULL,
  PRIMARY KEY (`id`)
) ENGINE=InnoDB AUTO_INCREMENT=469 DEFAULT CHARSET=utf8mb4 COLLATE=utf8mb4_unicode_ci;
/*!40101 SET character_set_client = @saved_cs_client */;

--
-- Dumping data for table `nazionalita`
--

LOCK TABLES `nazionalita` WRITE;
/*!40000 ALTER TABLE `nazionalita` DISABLE KEYS */;
INSERT INTO `nazionalita` VALUES (62,'AFGHANISTAN','10007201',NULL,NULL),(63,'AFRICA DEL SUD-OVEST','10011163',NULL,NULL),(64,'AFRICA DEL SUD-OVEST (NAMIBIA)','10011258',NULL,NULL),(65,'ALBANIA','10004862',NULL,NULL),(66,'ALGERIA','10007188',NULL,NULL),(67,'ANDORRA','10011004',NULL,NULL),(68,'ANGOLA','10007968',NULL,NULL),(69,'ANGOLA (PORTOGALLO)','10011254',NULL,NULL),(70,'ANGUILLA (ISOLA) (GRAN BRETAGNA E IRLANDA DEL NORD)','10011162',NULL,NULL),(71,'ANTIGUA E BARBUDA','10006121',NULL,NULL),(72,'ANTILLE BRITANNICHE (GRAN BRETAGNA E IRLANDA DEL NORD)','10011079',NULL,NULL),(73,'ANTILLE BRITANNICHE (GRAN BRETAGNA E IRLANDA DEL NORD)','10011187',NULL,NULL),(74,'ANTILLE BRITANNICHE (GRAN BRETAGNA E IRLANDA DEL NORD)','10011160',NULL,NULL),(75,'ANTILLE OLANDESI (PAESI BASSI)','10011078',NULL,NULL),(76,'ARABIA MERIDIONALE FEDERAZIONE','10011235',NULL,NULL),(77,'ARABIA MERIDIONALE PROTETTORATO (GRAN BRETAGNA E IRLANDA DEL NORD)','10011173',NULL,NULL),(78,'ARABIA SAUDITA','10007964',NULL,NULL),(79,'ARGENTINA','10004904',NULL,NULL),(80,'ARMENIA','10010994',NULL,NULL),(81,'ARMENIA','10008202',NULL,NULL),(82,'AUSTRALIA','10008032',NULL,NULL),(83,'AUSTRIA','10006031',NULL,NULL),(84,'AZERBAIGIAN','10010967',NULL,NULL),(85,'AZERBAIGIAN','10004886',NULL,NULL),(86,'BAHAMA','10004899',NULL,NULL),(87,'BAHAMA (ISOLE) (GRAN BRETAGNA E IRLANDA DEL NORD)','10011246',NULL,NULL),(88,'BAHREIN','10004877',NULL,NULL),(89,'BAHREIN (GRAN BRETAGNA E IRLANDA DEL NORD)','10011237',NULL,NULL),(90,'BANGLADESH','10006035',NULL,NULL),(91,'BARBADOS','10006050',NULL,NULL),(92,'BASUTOLAND-SUD AFRICA BRITANNICO (GRAN BRETAGNA E IRLANDA DEL NORD)','10011157',NULL,NULL),(93,'BECIUANIA-SUD AFRICA BRITANNICO (GRAN BRETAGNA E IRLANDA DEL NORD)','10011208',NULL,NULL),(94,'BELGIO','10006032',NULL,NULL),(95,'BELIZE','10004900',NULL,NULL),(96,'BELIZE (GRAN BRETAGNA E IRLANDA DEL NORD)','10011247',NULL,NULL),(97,'BENIN','10006042',NULL,NULL),(98,'BERMUDA (ISOLE) (GRAN BRETAGNA E IRLANDA DEL NORD)','10007973',NULL,NULL),(99,'BHUTAN','10004878',NULL,NULL),(100,'BIELORUSSIA','10004917',NULL,NULL),(101,'BIRMANIA','10006053',NULL,NULL),(102,'BOLIVIA','10004905',NULL,NULL),(103,'BOPHUTHATSWANA','10004888',NULL,NULL),(104,'BOSNIA ED ERZEGOVINA','10004916',NULL,NULL),(105,'BOTSWANA','10008028',NULL,NULL),(106,'BRASILE','10005159',NULL,NULL),(107,'BRUNEI','10007186',NULL,NULL),(108,'BRUNEI (GRAN BRETAGNA E IRLANDA DEL NORD)','10011252',NULL,NULL),(109,'BULGARIA','10007183',NULL,NULL),(110,'BURKINA','10008188',NULL,NULL),(111,'BURUNDI','10006116',NULL,NULL),(112,'CAMBOGIA','10006036',NULL,NULL),(113,'CAMERUN','10004889',NULL,NULL),(114,'CANADA','10007196',NULL,NULL),(115,'CAPO VERDE','10007969',NULL,NULL),(116,'CAPO VERDE (ISOLE) (PORTOGALLO)','10011244',NULL,NULL),(117,'CAROLINE (ISOLE) (STATI UNITI D\'AMERICA)','10011190',NULL,NULL),(118,'CAROLINE (ISOLE)=STATI FEDERATI DI MICRONESIA (STATI UNITI D\'AMERICA)','10011172',NULL,NULL),(119,'CAYMAN (ISOLE) (GRAN BRETAGNA E IRLANDA DEL NORD)','10011161',NULL,NULL),(120,'CECA REPUBBLICA','10006054',NULL,NULL),(121,'CECOSLOVACCHIA','10007198',NULL,NULL),(122,'CENTRAFRICANA REPUBBLICA','10005149',NULL,NULL),(123,'AFGHANISTAN','10007201',NULL,NULL),(124,'AFRICA DEL SUD-OVEST','10011163',NULL,NULL),(125,'AFRICA DEL SUD-OVEST (NAMIBIA)','10011258',NULL,NULL),(126,'ALBANIA','10004862',NULL,NULL),(127,'ALGERIA','10007188',NULL,NULL),(128,'ANDORRA','10011004',NULL,NULL),(129,'ANGOLA','10007968',NULL,NULL),(130,'ANGOLA (PORTOGALLO)','10011254',NULL,NULL),(131,'ANGUILLA (ISOLA) (GRAN BRETAGNA E IRLANDA DEL NORD)','10011162',NULL,NULL),(132,'ANTIGUA E BARBUDA','10006121',NULL,NULL),(133,'ANTILLE BRITANNICHE (GRAN BRETAGNA E IRLANDA DEL NORD)','10011079',NULL,NULL),(134,'ANTILLE BRITANNICHE (GRAN BRETAGNA E IRLANDA DEL NORD)','10011187',NULL,NULL),(135,'ANTILLE BRITANNICHE (GRAN BRETAGNA E IRLANDA DEL NORD)','10011160',NULL,NULL),(136,'ANTILLE OLANDESI (PAESI BASSI)','10011078',NULL,NULL),(137,'ARABIA MERIDIONALE FEDERAZIONE','10011235',NULL,NULL),(138,'ARABIA MERIDIONALE PROTETTORATO (GRAN BRETAGNA E IRLANDA DEL NORD)','10011173',NULL,NULL),(139,'ARABIA SAUDITA','10007964',NULL,NULL),(140,'ARGENTINA','10004904',NULL,NULL),(141,'ARMENIA','10010994',NULL,NULL),(142,'ARMENIA','10008202',NULL,NULL),(143,'AUSTRALIA','10008032',NULL,NULL),(144,'AUSTRIA','10006031',NULL,NULL),(145,'AZERBAIGIAN','10010967',NULL,NULL),(146,'AZERBAIGIAN','10004886',NULL,NULL),(147,'BAHAMA','10004899',NULL,NULL),(148,'BAHAMA (ISOLE) (GRAN BRETAGNA E IRLANDA DEL NORD)','10011246',NULL,NULL),(149,'BAHREIN','10004877',NULL,NULL),(150,'BAHREIN (GRAN BRETAGNA E IRLANDA DEL NORD)','10011237',NULL,NULL),(151,'BANGLADESH','10006035',NULL,NULL),(152,'BARBADOS','10006050',NULL,NULL),(153,'BASUTOLAND-SUD AFRICA BRITANNICO (GRAN BRETAGNA E IRLANDA DEL NORD)','10011157',NULL,NULL),(154,'BECIUANIA-SUD AFRICA BRITANNICO (GRAN BRETAGNA E IRLANDA DEL NORD)','10011208',NULL,NULL),(155,'BELGIO','10006032',NULL,NULL),(156,'BELIZE','10004900',NULL,NULL),(157,'BELIZE (GRAN BRETAGNA E IRLANDA DEL NORD)','10011247',NULL,NULL),(158,'BENIN','10006042',NULL,NULL),(159,'BERMUDA (ISOLE) (GRAN BRETAGNA E IRLANDA DEL NORD)','10007973',NULL,NULL),(160,'BHUTAN','10004878',NULL,NULL),(161,'BIELORUSSIA','10004917',NULL,NULL),(162,'BIRMANIA','10006053',NULL,NULL),(163,'BOLIVIA','10004905',NULL,NULL),(164,'BOPHUTHATSWANA','10004888',NULL,NULL),(165,'BOSNIA ED ERZEGOVINA','10004916',NULL,NULL),(166,'BOTSWANA','10008028',NULL,NULL),(167,'BRASILE','10005159',NULL,NULL),(168,'BRUNEI','10007186',NULL,NULL),(169,'BRUNEI (GRAN BRETAGNA E IRLANDA DEL NORD)','10011252',NULL,NULL),(170,'BULGARIA','10007183',NULL,NULL),(171,'BURKINA','10008188',NULL,NULL),(172,'BURUNDI','10006116',NULL,NULL),(173,'CAMBOGIA','10006036',NULL,NULL),(174,'CAMERUN','10004889',NULL,NULL),(175,'CANADA','10007196',NULL,NULL),(176,'CAPO VERDE','10007969',NULL,NULL),(177,'CAPO VERDE (ISOLE) (PORTOGALLO)','10011244',NULL,NULL),(178,'CAROLINE (ISOLE) (STATI UNITI D\'AMERICA)','10011190',NULL,NULL),(179,'CAROLINE (ISOLE)=STATI FEDERATI DI MICRONESIA (STATI UNITI D\'AMERICA)','10011172',NULL,NULL),(180,'CAYMAN (ISOLE) (GRAN BRETAGNA E IRLANDA DEL NORD)','10011161',NULL,NULL),(181,'CECA REPUBBLICA','10006054',NULL,NULL),(182,'CECOSLOVACCHIA','10007198',NULL,NULL),(183,'CENTRAFRICANA REPUBBLICA','10005149',NULL,NULL),(184,'CENTROAFRICANA REPUBBLICA','10011260',NULL,NULL),(185,'CENTROAFRICANO IMPERO','10011230',NULL,NULL),(186,'CEYLON','10004879',NULL,NULL),(187,'CHRISTMAS (ISOLA) (AUSTRALIA)','10011211',NULL,NULL),(188,'CIAD','10006043',NULL,NULL),(189,'CILE','10004906',NULL,NULL),(190,'CINA REPUBBLICA POPOLARE','10007213',NULL,NULL),(191,'CIPRO','10007192',NULL,NULL),(192,'CISKEI','10011128',NULL,NULL),(193,'CITTA\' DEL VATICANO','10011266',NULL,NULL),(194,'COCOS (ISOLE) (AUSTRALIA)','10011226',NULL,NULL),(195,'COLOMBIA','10004907',NULL,NULL),(196,'COMORE','10011136',NULL,NULL),(197,'COMORE (ISOLE)','10007207',NULL,NULL),(198,'COMORE (ISOLE) (FRANCIA)','10011251',NULL,NULL),(199,'CONGO BELGA','10011159',NULL,NULL),(200,'CONGO BRAZZAVILLE','10006044',NULL,NULL),(201,'CONGO LEOPOLDVILLE','10008190',NULL,NULL),(202,'CONGO REPUBBLICA DEMOCRATICA','10011108',NULL,NULL),(203,'CONGO REPUBBLICA POPOLARE','10011249',NULL,NULL),(204,'COOK (ISOLE) (NUOVA ZELANDA)','10011156',NULL,NULL),(205,'COREA DEL NORD','10007203',NULL,NULL),(206,'COREA DEL SUD','10007965',NULL,NULL),(207,'COSTA D\'AVORIO','10007204',NULL,NULL),(208,'COSTA DEI PIRATI=TRUCIAL STATES (GRAN BRETAGNA E IRLANDA DEL NORD)','10011170',NULL,NULL),(209,'COSTA RICA','10007191',NULL,NULL),(210,'CROAZIA','10011006',NULL,NULL),(211,'CUBA','10005157',NULL,NULL),(212,'DAHOMEY=BENIN','10011194',NULL,NULL),(213,'DANIMARCA','10004863',NULL,NULL),(214,'DIPENDENZE AUSTRALIANE (AUSTRALIA)','10011220',NULL,NULL),(215,'DIPENDENZE BRITANNICHE (GRAN BRETAGNA E IRLANDA DEL NORD)','10011169',NULL,NULL),(216,'DIPENDENZE CANADESI (CANADA)','10011178',NULL,NULL),(217,'DIPENDENZE FRANCESI (FRANCIA)','10011155',NULL,NULL),(218,'DIPENDENZE NEOZELANDESI (NUOVA ZELANDA)','10011232',NULL,NULL),(219,'DIPENDENZE NORVEGESI ANTARTICHE (NORVEGIA)','10011174',NULL,NULL),(220,'DIPENDENZE NORVEGESI ARTICHE (NORVEGIA)','10011218',NULL,NULL),(221,'DIPENDENZE RUSSE (RUSSIA)','10011171',NULL,NULL),(222,'DIPENDENZE SOVIETICHE (UNIONE REPUBBLICHE SOCIALISTE SOVIETICHE)','10011166',NULL,NULL),(223,'DIPENDENZE STATUNITENSI (STATI UNITI D\'AMERICA)','10011168',NULL,NULL),(224,'DIPENDENZE SUDAFRICANE (REPUBBLICA DEL SUDAFRICA)','10011223',NULL,NULL),(225,'DOMINICA','10006051',NULL,NULL),(226,'ECUADOR','10010993',NULL,NULL),(227,'EGITTO','10004890',NULL,NULL),(228,'EL SALVADOR','10004901',NULL,NULL),(229,'EMIGRATO','10011264',NULL,NULL),(230,'EMIRATI ARABI UNITI','10006037',NULL,NULL),(231,'ERITREA','10005156',NULL,NULL),(232,'ESTONIA','10004919',NULL,NULL),(233,'ETIOPIA','10005150',NULL,NULL),(234,'FAER OER (ISOLE) (DANIMARCA)','10011158',NULL,NULL),(235,'FIGI=VITI','10004910',NULL,NULL),(236,'FIGI=VITI (ISOLE) (GRAN BRETAGNA E IRLANDA DEL NORD)','10011250',NULL,NULL),(237,'FILIPPINE','10008201',NULL,NULL),(238,'FINLANDIA','10004864',NULL,NULL),(239,'FORMOSA=TAIWAN','10007202',NULL,NULL),(240,'FRANCIA','10008185',NULL,NULL),(241,'GABON','10004891',NULL,NULL),(242,'GAMBIA','10007200',NULL,NULL),(243,'GAZA (TERRITORIO DI) (EGITTO)','10005163',NULL,NULL),(244,'GEORGIA','10010995',NULL,NULL),(245,'GEORGIA','10006041',NULL,NULL),(246,'GERMANIA','10007205',NULL,NULL),(247,'GERMANIA REPUBBLICA DEMOCRATICA','10006033',NULL,NULL),(248,'GERMANIA REPUBBLICA FEDERALE','10011229',NULL,NULL),(249,'GHANA','10006045',NULL,NULL),(250,'GIAMAICA','10007974',NULL,NULL),(251,'GIAPPONE','10004880',NULL,NULL),(252,'GIBILTERRA (GRAN BRETAGNA E IRLANDA DEL NORD)','10011093',NULL,NULL),(253,'GIBUTI','10007194',NULL,NULL),(254,'GILBERT E ELLICE (ISOLE) (GRAN BRETAGNA E IRLANDA DEL NORD)','10011180',NULL,NULL),(255,'GILBERT E ELLICE (ISOLE) (GRAN BRETAGNA E IRLANDA DEL NORD)','10011236',NULL,NULL),(256,'GIORDANIA','10005143',NULL,NULL),(257,'GRAN BRETAGNA E IRLANDA DEL NORD (REGNO UNITO)','10004865',NULL,NULL),(258,'GRECIA','10007962',NULL,NULL),(259,'GRENADA','10005158',NULL,NULL),(260,'GROENLANDIA (DANIMARCA)','10011185',NULL,NULL),(261,'GUADALUPA (FRANCIA)','10011095',NULL,NULL),(262,'GUAM (ISOLA) (STATI UNITI D\'AMERICA)','10011210',NULL,NULL),(263,'GUATEMALA','10006052',NULL,NULL),(264,'GUAYANA OLANDESE (PAESI BASSI)','10007197',NULL,NULL),(265,'GUAYANA=GUIANA FRANCESE (FRANCIA)','10007206',NULL,NULL),(266,'GUINEA','10007189',NULL,NULL),(267,'GUINEA BISSAU','10006117',NULL,NULL),(268,'GUINEA EQUATORIALE','10006046',NULL,NULL),(269,'GUINEA PORTOGHESE (PORTOGALLO)','10011200',NULL,NULL),(270,'GUINEA SPAGNOLA (SPAGNA)','10011222',NULL,NULL),(271,'GUYANA','10011242',NULL,NULL),(272,'GUYANA BRITANNICA (GRAN BRETAGNA E IRLANDA DEL NORD)','10006125',NULL,NULL),(273,'HAITI','10008031',NULL,NULL),(274,'HONDURAS','10011143',NULL,NULL),(275,'HONDURAS BRITANNICO (GRAN BRETAGNA E IRLANDA DEL NORD)','10004902',NULL,NULL),(276,'HONG KONG (GRAN BRETAGNA E IRLANDA DEL NORD)','10011102',NULL,NULL),(277,'IFNI (MAROCCO)','10011248',NULL,NULL),(278,'IFNI (SPAGNA)','10011153',NULL,NULL),(279,'INDIA','10004881',NULL,NULL),(280,'INDONESIA','10006111',NULL,NULL),(281,'IRAN','10004882',NULL,NULL),(282,'IRAQ','10008186',NULL,NULL),(283,'IRIAN OCCIDENTALE (INDONESIA)','10011199',NULL,NULL),(284,'IRLANDA','10004866',NULL,NULL),(285,'IRREPERIBILE','10011263',NULL,NULL),(286,'ISLANDA','10006034',NULL,NULL),(287,'ISOLE CILENE (PASQUA E SALA Y GOMEZ) (CILE)','10011227',NULL,NULL),(288,'ISRAELE','10008026',NULL,NULL),(289,'ITALIA','10006030',NULL,NULL),(290,'IUGOSLAVIA','10011007',NULL,NULL),(291,'KAZAKISTAN','10010996',NULL,NULL),(292,'KAZAKISTAN','10005147',NULL,NULL),(293,'KENYA','10007970',NULL,NULL),(294,'KIRGHIZISTAN','10010997',NULL,NULL),(295,'KIRGHIZISTAN','10005148',NULL,NULL),(296,'KIRIBATI','10004911',NULL,NULL),(297,'KOSSOVO','10011122',NULL,NULL),(298,'KUWAIT','10007966',NULL,NULL),(299,'LA REUNION (ISOLA) (FRANCIA)','10011096',NULL,NULL),(300,'LAOS','10005144',NULL,NULL),(301,'LESOTHO','10005151',NULL,NULL),(302,'LETTONIA','10004920',NULL,NULL),(303,'LIBANO','10006038',NULL,NULL),(304,'LIBERIA','10004892',NULL,NULL),(305,'LIBIA','10008029',NULL,NULL),(306,'LIECHTENSTEIN','10004867',NULL,NULL),(307,'LITUANIA','10006055',NULL,NULL),(308,'LUSSEMBURGO','10004868',NULL,NULL),(309,'MACAO (PORTOGALLO)','10011270',NULL,NULL),(310,'MACEDONIA','10011267',NULL,NULL),(311,'MACQUARIE (ISOLE) (AUSTRALIA)','10011212',NULL,NULL),(312,'MADAGASCAR','10008189',NULL,NULL),(313,'MALAWI','10005152',NULL,NULL),(314,'MALAYSIA','10004883',NULL,NULL),(315,'MALAYSIA','10010998',NULL,NULL),(316,'MALDIVE','10006112',NULL,NULL),(317,'MALI','10004893',NULL,NULL),(318,'MALTA','10004921',NULL,NULL),(319,'MALVINE=FALKLAND (ISOLE) (GRAN BRETAGNA E IRLANDA DEL NORD)','10011221',NULL,NULL),(320,'MAN (ISOLA) (GRAN BRETAGNA E IRLANDA DEL NORD)','10011182',NULL,NULL),(321,'MARCUS (ISOLE) (STATI UNITI D\'AMERICA)','10011202',NULL,NULL),(322,'MARIANNE (ISOLE) (STATI UNITI D\'AMERICA)','10010992',NULL,NULL),(323,'MAROCCO','10008203',NULL,NULL),(324,'MARSHALL','10004918',NULL,NULL),(325,'MARSHALL (ISOLE) (STATI UNITI D\'AMERICA)','10011256',NULL,NULL),(326,'MARTINICA (FRANCIA)','10011100',NULL,NULL),(327,'MAURITANIA','10004894',NULL,NULL),(328,'MAURIZIO','10011137',NULL,NULL),(329,'MAURIZIO (ISOLE) (GRAN BRETAGNA E IRLANDA DEL NORD)','10006047',NULL,NULL),(330,'MAYOTTE (ISOLA) (FRANCIA)','10011225',NULL,NULL),(331,'MESSICO','10006123',NULL,NULL),(332,'MICRONESIA STATI FEDERATI','10008034',NULL,NULL),(333,'MIDWAY (ISOLE) (STATI UNITI D\'AMERICA)','10011179',NULL,NULL),(334,'MOLDAVIA','10007978',NULL,NULL),(335,'MONACO','10007184',NULL,NULL),(336,'MONGOLIA','10005145',NULL,NULL),(337,'MONTENEGRO','10011101',NULL,NULL),(338,'MONTSERRAT (GRAN BRETAGNA E IRLANDA DEL NORD)','10011204',NULL,NULL),(339,'MOZAMBICO','10007195',NULL,NULL),(340,'MOZAMBICO (PORTOGALLO)','10011243',NULL,NULL),(341,'NAMIBIA','10007971',NULL,NULL),(342,'NAURU','10011238',NULL,NULL),(343,'NAURU (ISOLE) (AUSTRALIA)','10006127',NULL,NULL),(344,'NEPAL','10006039',NULL,NULL),(345,'NICARAGUA','10007199',NULL,NULL),(346,'NIGER','10006118',NULL,NULL),(347,'NIGERIA','10006048',NULL,NULL),(348,'NIUE=SAVAGE (ISOLE) (NUOVA ZELANDA)','10011209',NULL,NULL),(349,'NON RICONOSCIUTO','10011262',NULL,NULL),(350,'NORFOLK (ISOLE E ISOLE DEL MAR DEI CORALLI) (AUSTRALIA)','10011234',NULL,NULL),(351,'NORMANNE (ISOLE)=ISOLE DEL CANALE (GRAN BRETAGNA E IRLANDA DEL NORD)','10011219',NULL,NULL),(352,'NORVEGIA','10004869',NULL,NULL),(353,'NUOVA CALEDONIA (ISOLE E DIPENDENZE) (FRANCIA)','10010991',NULL,NULL),(354,'NUOVA GUINEA (AUSTRALIA)','10007977',NULL,NULL),(355,'NUOVA ZELANDA','10004912',NULL,NULL),(356,'NUOVE EBRIDI (ISOLE CONDOMINIO FRANCO-INGLESE) (GRAN BRETAGNA-FRANCIA)','10011231',NULL,NULL),(357,'NYASALAND','10011167',NULL,NULL),(358,'OMAN','10007187',NULL,NULL),(359,'PAESI BASSI','10004870',NULL,NULL),(360,'PAKISTAN','10006113',NULL,NULL),(361,'PALAU','10007209',NULL,NULL),(362,'PALAU REPUBBLICA (STATI UNITI D\'AMERICA)','10011228',NULL,NULL),(363,'PANAMA\'','10004903',NULL,NULL),(364,'PANAMA ZONA DEL CANALE (PANAMA\')','10011144',NULL,NULL),(365,'PANAMA ZONA DEL CANALE (STATI UNITI D\'AMERICA)','10011259',NULL,NULL),(366,'PAPUA NUOVA GUINEA','10011148',NULL,NULL),(367,'PAPUASIA (AUSTRALIA)','10011207',NULL,NULL),(368,'PARAGUAY','10005160',NULL,NULL),(369,'PASQUA (ISOLA) (CILE)','10011213',NULL,NULL),(370,'PERU\'','10004908',NULL,NULL),(371,'PITCAIRN (E DIPENDENZE) (GRAN BRETAGNA E IRLANDA DEL NORD)','10011215',NULL,NULL),(372,'POLINESIA FRANCESE (ISOLE) (FRANCIA)','10010990',NULL,NULL),(373,'POLONIA','10007980',NULL,NULL),(374,'PORTOGALLO','10004871',NULL,NULL),(375,'PUERTO RICO (STATI UNITI D\'AMERICA)','10011091',NULL,NULL),(376,'QATAR','10011240',NULL,NULL),(377,'QATAR (GRAN BRETAGNA E IRLANDA DEL NORD)','10006040',NULL,NULL),(378,'REPUBBLICA DEL SUDAFRICA','10008255',NULL,NULL),(379,'REPUBBLICA DELLA CINA NAZIONALE=TAIWAN','10011135',NULL,NULL),(380,'REPUBBLICA DI POLONIA','10011132',NULL,NULL),(381,'REPUBBLICA DOMINICANA','10006122',NULL,NULL),(382,'RHODESIA','10011002',NULL,NULL),(383,'ROMANIA','10007185',NULL,NULL),(384,'RUANDA','10005153',NULL,NULL),(385,'RUSSIA','10010956',NULL,NULL),(386,'RYUKYU (ISOLE) (STATI UNITI D\'AMERICA)','10011181',NULL,NULL),(387,'SAHARA MERIDIONALE (MAURITANIA)','10011201',NULL,NULL),(388,'SAHARA SETTENTRIONALE (MAROCCO)','10011152',NULL,NULL),(389,'SAHARA SPAGNOLO (SPAGNA)','10011103',NULL,NULL),(390,'SAINT KITTS E NEVIS=SAINT CHRISTOPHER E NEVIS','10007211',NULL,NULL),(391,'SAINT LUCIA','10006124',NULL,NULL),(392,'SAINT PIERRE ET MIQUELON (ISOLE) (FRANCIA)','10011186',NULL,NULL),(393,'SAINT VINCENT E GRENADINE','10007975',NULL,NULL),(394,'SALOMONE','10011261',NULL,NULL),(395,'SALOMONE (ISOLE) (GRAN BRETAGNA E IRLANDA DEL NORD)','10005161',NULL,NULL),(396,'SAMOA','10004913',NULL,NULL),(397,'SAMOA AMERICANE (ISOLE) (STATI UNITI D\'AMERICA)','10011203',NULL,NULL),(398,'SAN MARINO','10004872',NULL,NULL),(399,'SANT\'ELENA (ISOLA) (GRAN BRETAGNA E IRLANDA DEL NORD)','10011206',NULL,NULL),(400,'SAO TOME\' E PRINCIPE','10011255',NULL,NULL),(401,'SAO TOME\' E PRINCIPE (ISOLE) (PORTOGALLO)','10004895',NULL,NULL),(402,'SEICELLE','10011139',NULL,NULL),(403,'SEICELLE (ISOLE) (GRAN BRETAGNA E IRLANDA DEL NORD)','10006119',NULL,NULL),(404,'SENEGAL','10006049',NULL,NULL),(405,'SERBIA','10011097',NULL,NULL),(406,'SERBIA E MONTENEGRO','10011269',NULL,NULL),(407,'SIERRA LEONE','10007190',NULL,NULL),(408,'SIKKIM','10011198',NULL,NULL),(409,'SINGAPORE','10008027',NULL,NULL),(410,'SIRIA','10004884',NULL,NULL),(411,'SLOVACCHIA','10006056',NULL,NULL),(412,'SLOVENIA','10005164',NULL,NULL),(413,'SOMALIA','10008030',NULL,NULL),(414,'SOMALIA FRANCESE (FRANCIA)','10011216',NULL,NULL),(415,'SPAGNA','10004873',NULL,NULL),(416,'SRI LANKA','10011245',NULL,NULL),(417,'STATI UNITI D\'AMERICA','10007212',NULL,NULL),(418,'SUD SUDAN','10011268',NULL,NULL),(419,'SUDAN','10005154',NULL,NULL),(420,'SURINAME','10011239',NULL,NULL),(421,'SVEZIA','10007963',NULL,NULL),(422,'SVIZZERA','10007979',NULL,NULL),(423,'SWAZILAND','10011241',NULL,NULL),(424,'SWAZILAND-SUDAFRICA BRITANNICO (GRAN BRETAGNA E IRLANDA DEL NORD)','10004896',NULL,NULL),(425,'TAGIKISTAN','10010999',NULL,NULL),(426,'TAGIKISTAN','10004887',NULL,NULL),(427,'TANGANICA','10011098',NULL,NULL),(428,'TANZANIA','10006120',NULL,NULL),(429,'TERRITORI PALESTINESI','10011265',NULL,NULL),(430,'TERRITORIO FRANCESE DEGLI AFAR E DEGLI ISSA (FRANCIA)','10011184',NULL,NULL),(431,'THAILANDIA','10005146',NULL,NULL),(432,'TIMOR EST','10011094',NULL,NULL),(433,'TIMOR (ISOLA) (PORTOGALLO)','10011099',NULL,NULL),(434,'TOGO','10007972',NULL,NULL),(435,'TOKELAU=ISOLE DELL\'UNIONE (NUOVA ZELANDA)','10011217',NULL,NULL),(436,'TONGA=DEGLI AMICI (ISOLE) (GRAN BRETAGNA E IRLANDA DEL NORD)','10004914',NULL,NULL),(437,'TONGA=ISOLE DEGLI AMICI','10011150',NULL,NULL),(438,'TRANSKEI','10011129',NULL,NULL),(439,'TRINIDAD E TOBAGO','10007976',NULL,NULL),(440,'TUNISIA','10005155',NULL,NULL),(441,'TURCHIA','10007967',NULL,NULL),(442,'TURKEMENISTAN','10011000',NULL,NULL),(443,'TURKEMENISTAN','10006115',NULL,NULL),(444,'TURKS E CAICOS (ISOLE) (GRAN BRETAGNA E IRLANDA DEL NORD)','10011154',NULL,NULL),(445,'TUVALU','10007208',NULL,NULL),(446,'UCRAINA','10004874',NULL,NULL),(447,'UGANDA','10004897',NULL,NULL),(448,'UNGHERIA','10007193',NULL,NULL),(449,'UNIONE REPUBBLICHE SOCIALISTE SOVIETICHE','10004875',NULL,NULL),(450,'URUGUAY','10006126',NULL,NULL),(451,'UZBEKISTAN','10011001',NULL,NULL),(452,'UZBEKISTAN','10004885',NULL,NULL),(453,'VANUATU','10004915',NULL,NULL),(454,'VENDA','10011110',NULL,NULL),(455,'VENEZUELA','10004909',NULL,NULL),(456,'VERGINI AMERICANE (ISOLE) (STATI UNITI D\'AMERICA)','10011092',NULL,NULL),(457,'VERGINI BRITANNICHE (ISOLE) (GRAN BRETAGNA E IRLANDA DEL NORD)','10011176',NULL,NULL),(458,'VIETNAM','10008187',NULL,NULL),(459,'VIETNAM DEL NORD','10011106',NULL,NULL),(460,'VIETNAM DEL SUD','10011105',NULL,NULL),(461,'VOLTA=ALTOVOLTA','10011165',NULL,NULL),(462,'WALLIS E FUTUNA (ISOLE) (FRANCIA)','10011175',NULL,NULL),(463,'YEMEN','10006114',NULL,NULL),(464,'YEMEN REPUBBLICA DEMOCRATICA POPOLARE','10007210',NULL,NULL),(465,'ZAIRE','10011257',NULL,NULL),(466,'ZAMBIA','10008204',NULL,NULL),(467,'ZANZIBAR','10004898',NULL,NULL),(468,'ZIMBABWE','10011253',NULL,NULL);
/*!40000 ALTER TABLE `nazionalita` ENABLE KEYS */;
UNLOCK TABLES;

--
-- Table structure for table `nomenclatore`
--

DROP TABLE IF EXISTS `nomenclatore`;
/*!40101 SET @saved_cs_client     = @@character_set_client */;
/*!50503 SET character_set_client = utf8mb4 */;
CREATE TABLE `nomenclatore` (
  `id` bigint unsigned NOT NULL AUTO_INCREMENT,
  `stato` bigint unsigned DEFAULT NULL,
  `codice_nomenclatore` varchar(255) CHARACTER SET utf8mb4 COLLATE utf8mb4_unicode_ci DEFAULT NULL,
  `denominazione_nomenclatore` varchar(255) CHARACTER SET utf8mb4 COLLATE utf8mb4_unicode_ci DEFAULT NULL,
  `id_branca` int NOT NULL,
  `created_at` timestamp NULL DEFAULT NULL,
  `updated_at` timestamp NULL DEFAULT NULL,
  PRIMARY KEY (`id`)
) ENGINE=InnoDB AUTO_INCREMENT=94 DEFAULT CHARSET=utf8mb4 COLLATE=utf8mb4_unicode_ci;
/*!40101 SET character_set_client = @saved_cs_client */;



--
-- Table structure for table `padre_figlio`
--

DROP TABLE IF EXISTS `padre_figlio`;
/*!40101 SET @saved_cs_client     = @@character_set_client */;
/*!50503 SET character_set_client = utf8mb4 */;
CREATE TABLE `padre_figlio` (
  `id` bigint unsigned NOT NULL AUTO_INCREMENT,
  `padre_id` bigint unsigned NOT NULL,
  `figlio_id` bigint unsigned NOT NULL,
  `stato` int NOT NULL,
  `ruolo_referente` int NOT NULL,
  `created_at` timestamp NULL DEFAULT NULL,
  `updated_at` timestamp NULL DEFAULT NULL,
  PRIMARY KEY (`id`),
  KEY `fk_padre_id_20240620` (`padre_id`),
  KEY `fk_figlio_id_20240620` (`figlio_id`),
  CONSTRAINT `fk_figlio_id_20240620` FOREIGN KEY (`figlio_id`) REFERENCES `users` (`id`),
  CONSTRAINT `fk_padre_id_20240620` FOREIGN KEY (`padre_id`) REFERENCES `users` (`id`)
) ENGINE=InnoDB AUTO_INCREMENT=5 DEFAULT CHARSET=utf8mb4 COLLATE=utf8mb4_unicode_ci;
/*!40101 SET character_set_client = @saved_cs_client */;



--
-- Table structure for table `password_resets`
--

DROP TABLE IF EXISTS `password_resets`;
/*!40101 SET @saved_cs_client     = @@character_set_client */;
/*!50503 SET character_set_client = utf8mb4 */;
CREATE TABLE `password_resets` (
  `email` varchar(255) CHARACTER SET utf8mb4 COLLATE utf8mb4_unicode_ci NOT NULL,
  `token` varchar(255) CHARACTER SET utf8mb4 COLLATE utf8mb4_unicode_ci NOT NULL,
  `created_at` timestamp NULL DEFAULT NULL,
  KEY `password_resets_email_index` (`email`)
) ENGINE=InnoDB DEFAULT CHARSET=utf8mb4 COLLATE=utf8mb4_unicode_ci;
/*!40101 SET character_set_client = @saved_cs_client */;

--
-- Dumping data for table `password_resets`
--

LOCK TABLES `password_resets` WRITE;
/*!40000 ALTER TABLE `password_resets` DISABLE KEYS */;
/*!40000 ALTER TABLE `password_resets` ENABLE KEYS */;
UNLOCK TABLES;

--
-- Table structure for table `prenotazioni`
--

DROP TABLE IF EXISTS `prenotazioni`;
/*!40101 SET @saved_cs_client     = @@character_set_client */;
/*!50503 SET character_set_client = utf8mb4 */;
CREATE TABLE `prenotazioni` (
  `id` bigint unsigned NOT NULL AUTO_INCREMENT,
  `id_paziente` bigint unsigned NOT NULL,
  `data_inizio` datetime NOT NULL,
  `data_fine` datetime DEFAULT NULL,
  `centro_vaccinale_id` int DEFAULT NULL,
  `stato_prenotazione` int NOT NULL,
  `id_prenotazione` int DEFAULT NULL,
  `creato_da` int NOT NULL,
  `note` varchar(255) CHARACTER SET utf8mb4 COLLATE utf8mb4_unicode_ci DEFAULT NULL,
  `created_at` timestamp NULL DEFAULT NULL,
  `updated_at` timestamp NULL DEFAULT NULL,
  `branca_id` varchar(255) CHARACTER SET utf8mb4 COLLATE utf8mb4_unicode_ci NOT NULL,
  PRIMARY KEY (`id`),
  KEY `prenotazioni_id_paziente_foreign` (`id_paziente`),
  CONSTRAINT `prenotazioni_id_paziente_foreign` FOREIGN KEY (`id_paziente`) REFERENCES `users` (`id`) ON DELETE CASCADE
) ENGINE=InnoDB AUTO_INCREMENT=1588 DEFAULT CHARSET=utf8mb4 COLLATE=utf8mb4_unicode_ci;
/*!40101 SET character_set_client = @saved_cs_client */;


--
-- Table structure for table `province`
--

DROP TABLE IF EXISTS `province`;
/*!40101 SET @saved_cs_client     = @@character_set_client */;
/*!50503 SET character_set_client = utf8mb4 */;
CREATE TABLE `province` (
  `id` bigint unsigned NOT NULL AUTO_INCREMENT,
  `comune` varchar(255) COLLATE utf8mb4_unicode_ci NOT NULL,
  `istat_comune` varchar(255) COLLATE utf8mb4_unicode_ci NOT NULL,
  `CAP` int NOT NULL,
  `distretto` varchar(255) COLLATE utf8mb4_unicode_ci NOT NULL,
  `created_at` timestamp NULL DEFAULT NULL,
  `updated_at` timestamp NULL DEFAULT NULL,
  PRIMARY KEY (`id`)
) ENGINE=InnoDB DEFAULT CHARSET=utf8mb4 COLLATE=utf8mb4_unicode_ci;
/*!40101 SET character_set_client = @saved_cs_client */;

--
-- Dumping data for table `province`
--

LOCK TABLES `province` WRITE;
/*!40000 ALTER TABLE `province` DISABLE KEYS */;
/*!40000 ALTER TABLE `province` ENABLE KEYS */;
UNLOCK TABLES;

--
-- Table structure for table `ricerca_lavoro`
--

DROP TABLE IF EXISTS `ricerca_lavoro`;
/*!40101 SET @saved_cs_client     = @@character_set_client */;
/*!50503 SET character_set_client = utf8mb4 */;
CREATE TABLE `ricerca_lavoro` (
  `id` bigint unsigned NOT NULL AUTO_INCREMENT,
  `descrizione` varchar(255) CHARACTER SET utf8mb4 COLLATE utf8mb4_unicode_ci DEFAULT NULL,
  PRIMARY KEY (`id`)
) ENGINE=InnoDB AUTO_INCREMENT=5 DEFAULT CHARSET=utf8mb4 COLLATE=utf8mb4_unicode_ci;
/*!40101 SET character_set_client = @saved_cs_client */;

--
-- Dumping data for table `ricerca_lavoro`
--

LOCK TABLES `ricerca_lavoro` WRITE;
/*!40000 ALTER TABLE `ricerca_lavoro` DISABLE KEYS */;
INSERT INTO `ricerca_lavoro` VALUES (1,'Fino a 6 mesi (<=6)'),(2,'Da 6 mesi a 12 mesi (< = 12 mesi)\r\n'),(3,'Da 12 mesi e oltre (>12)\r\n'),(4,'Non disponibile');
/*!40000 ALTER TABLE `ricerca_lavoro` ENABLE KEYS */;
UNLOCK TABLES;

--
-- Table structure for table `roles`
--

DROP TABLE IF EXISTS `roles`;
/*!40101 SET @saved_cs_client     = @@character_set_client */;
/*!50503 SET character_set_client = utf8mb4 */;
CREATE TABLE `roles` (
  `id` bigint unsigned NOT NULL AUTO_INCREMENT,
  `name` varchar(255) CHARACTER SET utf8mb4 COLLATE utf8mb4_unicode_ci NOT NULL,
  `description` varchar(255) CHARACTER SET utf8mb4 COLLATE utf8mb4_unicode_ci NOT NULL,
  `created_at` timestamp NULL DEFAULT NULL,
  `updated_at` timestamp NULL DEFAULT NULL,
  PRIMARY KEY (`id`)
) ENGINE=InnoDB AUTO_INCREMENT=5 DEFAULT CHARSET=utf8mb4 COLLATE=utf8mb4_unicode_ci;
/*!40101 SET character_set_client = @saved_cs_client */;

--
-- Dumping data for table `roles`
--

LOCK TABLES `roles` WRITE;
/*!40000 ALTER TABLE `roles` DISABLE KEYS */;
INSERT INTO `roles` VALUES (1,'paziente','paziente',NULL,NULL),(2,'operatore','operatore',NULL,NULL),(3,'admin','admin',NULL,NULL),(4,'ets','ets',NULL,NULL);
/*!40000 ALTER TABLE `roles` ENABLE KEYS */;
UNLOCK TABLES;

--
-- Table structure for table `ruolo_referente`
--

DROP TABLE IF EXISTS `ruolo_referente`;
/*!40101 SET @saved_cs_client     = @@character_set_client */;
/*!50503 SET character_set_client = utf8mb4 */;
CREATE TABLE `ruolo_referente` (
  `id` bigint unsigned NOT NULL AUTO_INCREMENT,
  `descrizione_ruolo` varchar(100) CHARACTER SET utf8mb4 COLLATE utf8mb4_unicode_ci NOT NULL,
  `created_at` timestamp NULL DEFAULT NULL,
  `updated_at` timestamp NULL DEFAULT NULL,
  PRIMARY KEY (`id`)
) ENGINE=InnoDB AUTO_INCREMENT=6 DEFAULT CHARSET=utf8mb4 COLLATE=utf8mb4_unicode_ci;
/*!40101 SET character_set_client = @saved_cs_client */;

--
-- Dumping data for table `ruolo_referente`
--

LOCK TABLES `ruolo_referente` WRITE;
/*!40000 ALTER TABLE `ruolo_referente` DISABLE KEYS */;
INSERT INTO `ruolo_referente` VALUES (1,'Diretto interessato',NULL,NULL),(3,'Familiare',NULL,NULL),(4,'Accompagnatore/Responsabile',NULL,NULL),(5,'Rappresentante legale',NULL,NULL);
/*!40000 ALTER TABLE `ruolo_referente` ENABLE KEYS */;
UNLOCK TABLES;

--
-- Table structure for table `scheda_paziente`
--

DROP TABLE IF EXISTS `scheda_paziente`;
/*!40101 SET @saved_cs_client     = @@character_set_client */;
/*!50503 SET character_set_client = utf8mb4 */;
CREATE TABLE `scheda_paziente` (
  `id` bigint unsigned NOT NULL AUTO_INCREMENT,
  `id_prenotazione` bigint unsigned DEFAULT NULL,
  `paziente_id` bigint unsigned NOT NULL,
  `diagnosi` varchar(255) CHARACTER SET utf8mb4 COLLATE utf8mb4_unicode_ci DEFAULT NULL,
  `prestazione_erogata` varchar(255) CHARACTER SET utf8mb4 COLLATE utf8mb4_unicode_ci DEFAULT NULL,
  `luogo_prestazione` varchar(255) CHARACTER SET utf8mb4 COLLATE utf8mb4_unicode_ci DEFAULT NULL,
  `codici_icd9` varchar(255) CHARACTER SET utf8mb4 COLLATE utf8mb4_unicode_ci DEFAULT NULL,
  `erogazione_farmaci` varchar(255) CHARACTER SET utf8mb4 COLLATE utf8mb4_unicode_ci DEFAULT NULL,
  `tipologia_farmaco` varchar(255) CHARACTER SET utf8mb4 COLLATE utf8mb4_unicode_ci DEFAULT NULL,
  `erogazione_dispositivo_medico` varchar(255) CHARACTER SET utf8mb4 COLLATE utf8mb4_unicode_ci DEFAULT NULL,
  `tipologia_dispositivo_medico` varchar(255) CHARACTER SET utf8mb4 COLLATE utf8mb4_unicode_ci DEFAULT NULL,
  `created_at` timestamp NULL DEFAULT NULL,
  `updated_at` timestamp NULL DEFAULT NULL,
  PRIMARY KEY (`id`),
  KEY `scheda_paziente_paziente_id_foreign` (`paziente_id`),
  KEY `scheda_paziente_id_prenotazione_foreign` (`id_prenotazione`),
  CONSTRAINT `scheda_paziente_id_prenotazione_foreign` FOREIGN KEY (`id_prenotazione`) REFERENCES `prenotazioni` (`id`) ON DELETE CASCADE ON UPDATE CASCADE,
  CONSTRAINT `scheda_paziente_paziente_id_foreign` FOREIGN KEY (`paziente_id`) REFERENCES `users` (`id`) ON DELETE CASCADE
) ENGINE=InnoDB AUTO_INCREMENT=69 DEFAULT CHARSET=utf8mb4 COLLATE=utf8mb4_unicode_ci;
/*!40101 SET character_set_client = @saved_cs_client */;


--
-- Table structure for table `tipologia_farmaco`
--

DROP TABLE IF EXISTS `tipologia_farmaco`;
/*!40101 SET @saved_cs_client     = @@character_set_client */;
/*!50503 SET character_set_client = utf8mb4 */;
CREATE TABLE `tipologia_farmaco` (
  `id` bigint unsigned NOT NULL AUTO_INCREMENT,
  `descrizione_tipologia_farmaco` varchar(255) CHARACTER SET utf8mb4 COLLATE utf8mb4_unicode_ci NOT NULL,
  `stato` int DEFAULT NULL,
  PRIMARY KEY (`id`)
) ENGINE=InnoDB AUTO_INCREMENT=14 DEFAULT CHARSET=utf8mb4 COLLATE=utf8mb4_unicode_ci;
/*!40101 SET character_set_client = @saved_cs_client */;


--
-- Table structure for table `titoli_di_studio`
--

DROP TABLE IF EXISTS `titoli_di_studio`;
/*!40101 SET @saved_cs_client     = @@character_set_client */;
/*!50503 SET character_set_client = utf8mb4 */;
CREATE TABLE `titoli_di_studio` (
  `id` bigint unsigned NOT NULL AUTO_INCREMENT,
  `descrizione` varchar(255) CHARACTER SET utf8mb4 COLLATE utf8mb4_unicode_ci DEFAULT NULL,
  `created_at` timestamp NULL DEFAULT NULL,
  `updated_at` timestamp NULL DEFAULT NULL,
  PRIMARY KEY (`id`)
) ENGINE=InnoDB AUTO_INCREMENT=10 DEFAULT CHARSET=utf8mb4 COLLATE=utf8mb4_unicode_ci;
/*!40101 SET character_set_client = @saved_cs_client */;

--
-- Dumping data for table `titoli_di_studio`
--

LOCK TABLES `titoli_di_studio` WRITE;
/*!40000 ALTER TABLE `titoli_di_studio` DISABLE KEYS */;
INSERT INTO `titoli_di_studio` VALUES (1,'Licenza elementare',NULL,NULL),(2,'Licenza media/avviamento professionale',NULL,NULL),(3,'Titolo di istruzione secondaria di II grado (scolastica o formazione professionale) che non permette l’accesso all’università (Qualifica di istituto professionale, licenza di maestro d\'arte, abilitazione all\'insegnamento nella scuola materna, attestato di',NULL,NULL),(4,'Diploma di istruzione secondaria di II grado che permette l’accesso all’università',NULL,NULL),(5,'Qualifica professionale regionale/provinciale post diploma, certificato di specializzazione tecnica superiore (IFTS) Diploma universitario o di scuola diretta a fini speciali (vecchio ordinamento)',NULL,NULL),(6,'Diploma di tecnico superiore (ITS)',NULL,NULL),(7,'Laurea di primo livello (triennale), diploma universitario, diploma accademico di I livello (AFAM)',NULL,NULL),(8,'Laurea magistrale/specialistica di II livello, diploma di laurea del vecchio ordinamento (4-6 anni), diploma accademico di II livello (AFAM o di Conservatorio, Accademia di Belle Arti, Accademia d\'arte drammatica o di danza, ISIAE vecchio ordinamento)',NULL,NULL),(9,'Titolo di dottore di ricerca',NULL,NULL);
/*!40000 ALTER TABLE `titoli_di_studio` ENABLE KEYS */;
UNLOCK TABLES;

--
-- Table structure for table `user_ets`
--

DROP TABLE IF EXISTS `user_ets`;
/*!40101 SET @saved_cs_client     = @@character_set_client */;
/*!50503 SET character_set_client = utf8mb4 */;
CREATE TABLE `user_ets` (
  `id` bigint unsigned NOT NULL AUTO_INCREMENT,
  `user_id` bigint unsigned NOT NULL,
  `ets_id` bigint unsigned NOT NULL,
  `abilitato` tinyint NOT NULL DEFAULT '1',
  `created_at` timestamp NULL DEFAULT NULL,
  `updated_at` timestamp NULL DEFAULT NULL,
  PRIMARY KEY (`id`),
  KEY `user_ets_user_id_index` (`user_id`),
  KEY `user_ets_ets_id_index` (`ets_id`)
) ENGINE=InnoDB AUTO_INCREMENT=2 DEFAULT CHARSET=utf8mb4 COLLATE=utf8mb4_unicode_ci;
/*!40101 SET character_set_client = @saved_cs_client */;

--
-- Dumping data for table `user_ets`
--

LOCK TABLES `user_ets` WRITE;
/*!40000 ALTER TABLE `user_ets` DISABLE KEYS */;
INSERT INTO `user_ets` VALUES (1,103,1,1,NULL,NULL);
/*!40000 ALTER TABLE `user_ets` ENABLE KEYS */;
UNLOCK TABLES;

--
-- Table structure for table `users`
--

DROP TABLE IF EXISTS `users`;
/*!40101 SET @saved_cs_client     = @@character_set_client */;
/*!50503 SET character_set_client = utf8mb4 */;
CREATE TABLE `users` (
  `id` bigint unsigned NOT NULL AUTO_INCREMENT,
  `nome` varchar(255) CHARACTER SET utf8mb4 COLLATE utf8mb4_unicode_ci DEFAULT NULL,
  `cognome` varchar(255) CHARACTER SET utf8mb4 COLLATE utf8mb4_unicode_ci DEFAULT NULL,
  `email` varchar(255) CHARACTER SET utf8mb4 COLLATE utf8mb4_unicode_ci DEFAULT NULL,
  `sesso` varchar(255) CHARACTER SET utf8mb4 COLLATE utf8mb4_unicode_ci DEFAULT NULL,
  `password` varchar(255) CHARACTER SET utf8mb4 COLLATE utf8mb4_unicode_ci NOT NULL,
  `email_verified_at` timestamp NULL DEFAULT NULL,
  `phone_verified_at` timestamp NULL DEFAULT NULL,
  `cellulare` varchar(255) CHARACTER SET utf8mb4 COLLATE utf8mb4_unicode_ci DEFAULT NULL,
  `data_nascita` date DEFAULT NULL,
  `codice_fiscale` varchar(255) CHARACTER SET utf8mb4 COLLATE utf8mb4_unicode_ci DEFAULT NULL,
  `id_assistito` varchar(255) CHARACTER SET utf8mb4 COLLATE utf8mb4_unicode_ci DEFAULT NULL,
  `nazionalita` varchar(255) CHARACTER SET utf8mb4 COLLATE utf8mb4_unicode_ci DEFAULT NULL,
  `indirizzo_residenza` varchar(45) CHARACTER SET utf8mb4 COLLATE utf8mb4_unicode_ci DEFAULT NULL,
  `luogo_nascita` varchar(45) CHARACTER SET utf8mb4 COLLATE utf8mb4_unicode_ci DEFAULT NULL,
  `comune` bigint unsigned DEFAULT NULL,
  `ldap_username` varchar(255) CHARACTER SET utf8mb4 COLLATE utf8mb4_unicode_ci DEFAULT NULL,
  `ruolo_id` bigint unsigned DEFAULT NULL,
  `stato` bigint unsigned DEFAULT NULL,
  `modalita_autenticazione` bigint unsigned DEFAULT NULL,
  `creato_da` bigint unsigned DEFAULT NULL,
  `created_at` timestamp NULL DEFAULT NULL,
  `updated_at` timestamp NULL DEFAULT NULL,
  PRIMARY KEY (`id`),
  UNIQUE KEY `codice_fiscale` (`codice_fiscale`),
  KEY `users_ruolo_id_foreign` (`ruolo_id`),
  CONSTRAINT `users_ruolo_id_foreign` FOREIGN KEY (`ruolo_id`) REFERENCES `roles` (`id`) ON DELETE SET NULL
) ENGINE=InnoDB AUTO_INCREMENT=160 DEFAULT CHARSET=utf8mb4 COLLATE=utf8mb4_unicode_ci;
/*!40101 SET character_set_client = @saved_cs_client */;

--
-- Dumping data for table `users`
--

LOCK TABLES `users` WRITE;
/*!40000 ALTER TABLE `users` DISABLE KEYS */;
INSERT INTO `users` VALUES (14,'Sebastiano','Ortisi','sebyy.ortisi@gmail.com','M','$2y$12$rMavi/CZ1sCgS5maepahBOb6pK4KdGBtesoDuzjYewhKwSPdOZXyK',NULL,NULL,'+393331891214','2001-09-03','','','10011173',NULL,NULL,89002,'ortisi_sebastiano',3,1,1,1,'2025-06-23 12:35:50','2025-12-22 08:01:24'),(38,'Andrea','Cassarino','andrea.cassarino@asp.sr.it','M','$2y$12$fY5FzfviPKmrDAqsX8qJEup0gEanC3ft4yyVtv8F1o1mtv0Qy/rlW',NULL,NULL,NULL,NULL,NULL,'',NULL,NULL,NULL,NULL,'cassarino_andrea',3,1,1,38,'2025-06-27 12:40:43','2025-07-15 08:48:44'),(64,'Simona','Cammarata','Simona.cammarata@asp.sr.it','F','$12$fY5FzfviPKmrDAqsX8qJEup0gEanC3ft4yyVtv8F1o1mtv0Qy/rlW',NULL,NULL,NULL,NULL,NULL,NULL,NULL,NULL,NULL,NULL,'cammarata_simona',2,1,1,1,NULL,NULL),(65,'Daniela','Reale','teresa.reale@asp.sr.it','F','$12$fY5FzfviPKmrDAqsX8qJEup0gEanC3ft4yyVtv8F1o1mtv0Qy/rlW',NULL,NULL,NULL,NULL,NULL,NULL,NULL,NULL,NULL,NULL,'reale_teresa',3,1,1,1,NULL,NULL),(66,'Samantha','Musumeci','samantha.musumeci@asp.sr.it','F','$12$fY5FzfviPKmrDAqsX8qJEup0gEanC3ft4yyVtv8F1o1mtv0Qy/rlW',NULL,NULL,NULL,NULL,NULL,NULL,NULL,NULL,NULL,NULL,'musumeci_samantha',3,1,1,1,NULL,NULL),(67,'Serra','Maria','maria.serra@asp.sr.it','F','$12$fY5FzfviPKmrDAqsX8qJEup0gEanC3ft4yyVtv8F1o1mtv0Qy/rlW',NULL,NULL,NULL,NULL,NULL,NULL,NULL,NULL,NULL,NULL,'serra_maria',3,1,1,1,NULL,NULL),(70,'Vincenzo','Iozzia','vincenzo.iozzia@asp.sr.it','M','$2y$12$tRoZSzhXis48ibDYumzTtu4M0kC6BdVJH5nmYGMXgaU2W9cPcxluK',NULL,NULL,NULL,NULL,NULL,NULL,NULL,NULL,NULL,NULL,'iozzia_vincenzo',3,1,1,38,NULL,NULL),(71,'Maria Grazia','Mazzurco','mariagrazia.mazzurco@asp.sr.it','F','$2y$12$tRoZSzhXis48ibDYumzTtu4M0kC6BdVJH5nmYGMXgaU2W9cPcxluK',NULL,NULL,NULL,NULL,NULL,NULL,NULL,NULL,NULL,NULL,'mazzurco_maria',2,1,1,38,NULL,NULL),(86,'Perri','Maria','maria.perri@asp.sr.it','F','$2y$12$tRoZSzhXis48ibDYumzTtu4M0kC6BdVJH5nmYGMXgaU2W9cPcxluK',NULL,NULL,NULL,NULL,NULL,NULL,NULL,NULL,NULL,NULL,'perri_maria',2,1,1,38,NULL,NULL),(87,'Trapani','fabio','fabio.trapani@asp.sr.it','M','$2y$12$tRoZSzhXis48ibDYumzTtu4M0kC6BdVJH5nmYGMXgaU2W9cPcxluK',NULL,NULL,NULL,NULL,NULL,NULL,NULL,NULL,NULL,NULL,'trapani_fabio',2,1,1,38,NULL,NULL),(88,'Gilberto','Rosa','rosa.gilberto@asp.sr.it','F','$2y$12$tRoZSzhXis48ibDYumzTtu4M0kC6BdVJH5nmYGMXgaU2W9cPcxluK',NULL,NULL,NULL,NULL,NULL,NULL,NULL,NULL,NULL,NULL,'gilberto_rosa',2,1,1,38,NULL,NULL),(89,'Falbo','Saverio','saverio.falbo@asp.sr.it','M','$2y$12$tRoZSzhXis48ibDYumzTtu4M0kC6BdVJH5nmYGMXgaU2W9cPcxluK',NULL,NULL,NULL,NULL,NULL,NULL,NULL,NULL,NULL,NULL,'falbo_saverio',2,1,1,38,NULL,NULL),(90,'Andolina','Fabio','fabio.andolina@asp.sr.it','M','$2y$12$tRoZSzhXis48ibDYumzTtu4M0kC6BdVJH5nmYGMXgaU2W9cPcxluK',NULL,NULL,NULL,NULL,NULL,NULL,NULL,NULL,NULL,NULL,'andolina_fabio',2,1,1,38,NULL,NULL),(91,'Garro','Marco','marco.garro@asp.sr.it','M','$2y$12$tRoZSzhXis48ibDYumzTtu4M0kC6BdVJH5nmYGMXgaU2W9cPcxluK',NULL,NULL,NULL,NULL,NULL,NULL,NULL,NULL,NULL,NULL,'garro_marco',3,1,1,38,NULL,NULL),(92,'GIOVANNI','BRUNI',NULL,'M','$2y$12$JB3F6WDi6i3XEyDj3I.BfO51x8/asMfIjBftLsG0M.72qL0BqlSb.',NULL,NULL,'3920943401','1976-07-21','BRNGNN76L21A522V',NULL,'10006030',NULL,'Siracusa',89017,NULL,1,1,1,66,'2025-09-23 11:15:48','2025-11-05 06:51:01'),(93,'Miceli','Antonino','antonino.miceli@asp.sr.it','M','$12$JB3F6WDi6i3XEyDj3I.BfO51x8/asMfIjBftLsG0M.72qL0BqlSb.',NULL,NULL,NULL,NULL,NULL,NULL,NULL,NULL,NULL,NULL,'miceli_antonino1',3,1,1,38,NULL,NULL),(94,'Salemi','Stefano','stefano.salemi@asp.sr.it','M','$12$JB3F6WDi6i3XEyDj3I.BfO51x8/asMfIjBftLsG0M.72qL0BqlSb.',NULL,NULL,NULL,NULL,NULL,NULL,NULL,NULL,NULL,NULL,'salemi_stafano',3,1,1,38,NULL,NULL),(98,'GIUSEPPE','GURCIULLO',NULL,'M','$2y$12$zGaQOmTyHCkyySjG97bfUOdqTSRsRXndoGblgW/7BY7PYdI0NHfmW',NULL,NULL,'3318724694','1976-02-10','GRCGPP76B10I754V','*ASSUSL080198507','10006030',NULL,NULL,89017,NULL,1,1,1,65,'2025-10-14 11:33:09','2025-10-14 11:33:09'),(99,'GAETANA','GRECO',NULL,'F','$2y$12$zW7G/H2JPrpYGSDUJtC..eMREQLzGBCu6PF1sMFDc1sA62/878UXC',NULL,NULL,'3271340261','1949-01-01','GRCGTN49A41I754C','*SRVZOSA40007782','10006030',NULL,NULL,89017,NULL,1,1,1,65,'2025-10-14 11:49:47','2025-10-14 11:49:47'),(100,'MASSIMO','MONACA',NULL,'M','$2y$12$l2arm7QbMbTV0BapUNUhF.4i4wLbjE8FfC5HvAe7oekXbfUF0KkJu',NULL,NULL,'3341485433','1969-10-22','MNCMSM69R22I754U','*SRVZOSA40011445','10006030',NULL,NULL,89021,NULL,1,1,1,65,'2025-10-14 11:57:12','2025-10-14 11:57:12'),(101,'RAFFAELE','ABREHET','a@a.it','M','$2y$12$IYPFp5j0xmeMvGdFa29tZO94Rdb1VySC/A2kQ72PONBULfNJ8dkAC',NULL,NULL,'392380000','2009-05-16','BRHRFL09E16I754T',NULL,'10006030',NULL,NULL,89017,NULL,1,1,1,38,'2025-10-14 12:13:14','2025-10-28 15:09:23'),(102,'ENEA','CICERO',NULL,'M','$2y$12$CY1n9pSEBC30v1cOQHwmQ.pS91r1CNZVm4SZ6p4ESFhNsV5adX9j2',NULL,NULL,'3760969127','2023-04-23','CCRNEE23D23I754A',NULL,'10006030','Via della consolazione 34','siracusa',89017,NULL,1,1,1,14,'2025-10-15 05:51:55','2025-11-03 11:28:20'),(103,'ANDREA','CASSARINO','sebyy.ortisi@gmail.com','M','$2y$12$9gN6puaXUO7nelyDSeaIAew.LQ9oJQ8OCZ39ToNyKOfc3HRvsQQh6','2026-01-09 08:10:12','2026-01-09 08:10:12','+393476244327','1973-12-28','CSSNDR73T28A494Y',NULL,'10006030',NULL,'Augusta',89017,NULL,4,1,1,38,'2025-11-06 14:16:36','2026-01-09 08:10:12'),(104,'benedetta','rossi','sebastianaaaao@live.it','F','$2y$12$mFFbYBjmh5QoqaLcubn9HeWKYpSabAOcL5x3XvUtNElMB8cb7a43y',NULL,NULL,'3331891214','2020-09-03','BNDSFN88T66A494X','*ASSUSL080348133','10004904','Via della consolazione 34','siracusa',89015,NULL,1,1,1,14,'2025-11-06 14:21:07','2025-11-06 14:21:07'),(105,'paolo','rossi','asd1123@live.it','M','$2y$12$5JmoziSa3.x5UfpQmWUblOW/YaVwSN.JlgMyolN39qY8jizLotpgW',NULL,NULL,'3331891214','2001-09-03','PLNMRO98DP303',NULL,'10004904','Via della 67','melilli',89015,NULL,1,1,1,14,'2025-11-06 14:21:07','2025-11-06 14:21:07'),(106,'Salvatore','CASSARINO',NULL,'M','$2y$12$1p3imJdSaagFxrPHSJcX7OF3HUya3v8R1cbftbNva6l/qrgso6r1e',NULL,NULL,'3476244327','2023-12-29','CSSNDR23T28A494Z',NULL,'10006030',NULL,'Augusta',89017,NULL,1,1,1,38,'2025-11-06 14:23:42','2025-11-06 14:23:42'),(107,'Andrea','CAssarino',NULL,'M','$2y$12$ycCOedkxzSCKtA.DkyZAkufZ2JRwRETUpZ1lrW6CllgrwU/ZLRUw.',NULL,NULL,'3476244327','1973-12-28','CSSNDR73T28A494Z',NULL,'10006030',NULL,'Augusta',89017,NULL,1,1,1,38,'2025-11-06 14:23:42','2025-11-06 14:23:42'),(108,'Salvatore','CASSARINO',NULL,'M','$2y$12$ECf/8FYBiYh/YrGlBDLO.uKVoONV5lNTkK890xKQpyrhfLmUpJBR.',NULL,NULL,'3476244327','2023-12-29','CSSNDR23T28A494W',NULL,'10006030',NULL,'Augusta',89017,NULL,1,1,1,38,'2025-11-06 14:25:23','2025-11-06 14:25:23'),(109,'Andrea','CAssarino',NULL,'M','$2y$12$8zrLkbvG9e4xG/02KgYDMu081yHuHI.O1Fy1YRHRZuhSAwvf/DOtK',NULL,NULL,'3476244327','1973-12-28','CSSNDR73T28A494W',NULL,'10006030',NULL,'Augusta',89017,NULL,1,1,1,38,'2025-11-06 14:25:23','2025-11-06 14:25:23'),(112,'MICHELE','GIBILISCO',NULL,'M','$2y$12$Y7n/VtPOz7jLHBaL9ndG5ehcQpKyI/.smEhQxgCg3.KX6f/pa43bi',NULL,NULL,'1','1992-11-25','GBLMHL92S25I754T','*ASSUSL080173642','10006030',NULL,'Siracusa',89017,NULL,1,1,1,38,'2025-11-10 16:03:05','2025-11-10 16:03:05'),(114,'Sebastiano','Ortisi','sebastiaaafdefno@live.it','M','$2y$12$9QHEBF5harP9Xv4UOmd8uud6b0VccW9BwREAgfbOScX4FYqfz5mNq',NULL,NULL,'3331891214','2001-09-03','RTSSST01P03I754d',NULL,'10007964','Via della consolazione 34','siracusa',89021,NULL,1,1,1,14,'2025-11-11 15:28:20','2025-11-11 15:28:20'),(115,'Sebastiano','Ortisi','sebastiaaafwqdqddefno@live.it','M','$2y$12$AVO4WpWXYBqVC6ANDZVa8eAigkd00cyKZyS47rt.R5RPsDwfxadEq',NULL,NULL,'3331891214','2001-09-03','RTSSST01P0w3I754d',NULL,'10007964','Via della consolazione 34','siracusa',89021,NULL,1,1,1,14,'2025-11-11 15:30:57','2025-11-11 15:30:57'),(116,'piero','vernuccio',NULL,'M','$2y$12$yX3V75IeMLRxZuraNuDrQePu4sCg98kNEorWXxOqH2/Zd2mnHdZCa',NULL,NULL,NULL,'2001-09-03','RTSSST01P03I754x',NULL,'10007964','Via della consolazione 34','noto',89020,NULL,1,1,1,14,'2025-11-12 07:28:48','2025-11-12 07:28:48'),(118,'antonio','MANGIAFICO',NULL,'M','$2y$12$kp3Zy/Fj4WbV8q.MZsBaWOjeryIMtBRLokkhdDJXqfpEDXU4Wr2F2',NULL,NULL,NULL,'2007-11-22','MNGGNN72E20I754Z','*ASSUSL080257303','10006030',NULL,'Siracusa',89017,NULL,1,1,1,38,'2025-11-12 13:52:19','2025-11-12 13:52:19'),(119,'Andrea','Cassarino',NULL,NULL,'$2y$12$WaRjZfmfb3/L29mhuD6DoehLKRo0sEQ4KHoim9ke7/kpr8C1FRZb.',NULL,NULL,NULL,'2000-01-01','TEMP001',NULL,NULL,'Fratelli Sollecito 1D',NULL,NULL,NULL,1,1,1,38,'2025-11-19 07:30:18','2025-11-19 07:30:18'),(120,'Andrea','Cassarino',NULL,NULL,'$2y$12$ysTD9Tg1vosIOUDOtIPEI.zrzxjOTtL6As4DTU0.n8li8X55BlQay',NULL,NULL,NULL,'2000-10-10','CSSNDR73T28A494R',NULL,NULL,'Fratelli Sollecito 1D',NULL,NULL,NULL,1,1,1,38,'2025-11-20 13:26:27','2025-11-20 13:26:27'),(148,'ETS','ETS','ets@hotmail.it','M','$2y$12$0hwRNwfbOeqjMeYzxN8heevuN833tkBrj2jp/p8PVUXVX8QZBiHNK',NULL,NULL,NULL,NULL,NULL,NULL,NULL,NULL,NULL,NULL,NULL,4,1,NULL,14,'2025-11-25 13:07:56','2025-11-25 13:07:56'),(154,'Sebastiano','Ortisi','sebyy.ortisi@gmail.com','M','$2y$12$bsN.X/vaODfkTRsPO3ifeeCFjNJK4He0CNna2aCTnFUpW.oq7OBT2','2026-01-09 07:09:38','2026-01-09 07:09:38','+393331891214','2001-09-03','RTSSST01P03I754J','*ASSUSL080199529','10004904','Via della consolazione 34','siracusa',89020,NULL,4,1,1,14,'2026-01-07 07:25:29','2026-01-09 07:09:38'),(155,'Sirugo','Laura','laura.sirugo@asp.sr.it','F','$12$pfjG0TOaM95d7tBSWfohK.mht8kl6jh2t7Y5AXhxyEPsPoL1oA4h6',NULL,NULL,NULL,NULL,NULL,NULL,NULL,NULL,NULL,NULL,'sirugo_laura',2,1,1,14,NULL,NULL),(156,'Pignatello','Sofia','sofia.pignatello@asp.sr.it','F','$12$pfjG0TOaM95d7tBSWfohK.mht8kl6jh2t7Y5AXhxyEPsPoL1oA4h6',NULL,NULL,NULL,NULL,NULL,NULL,NULL,NULL,NULL,NULL,'pignatello_sofia',2,1,1,14,NULL,NULL),(157,'Liali','Carmela','carmela.liali@asp.sr.it','F','$12$pfjG0TOaM95d7tBSWfohK.mht8kl6jh2t7Y5AXhxyEPsPoL1oA4h6',NULL,NULL,NULL,NULL,NULL,NULL,NULL,NULL,NULL,NULL,'liali_carmela',2,1,1,14,NULL,NULL),(158,'Bolazzi','Cristina','cristina.bolazzi@asp.sr.it','F','$12$pfjG0TOaM95d7tBSWfohK.mht8kl6jh2t7Y5AXhxyEPsPoL1oA4h6',NULL,NULL,NULL,NULL,NULL,NULL,NULL,NULL,NULL,NULL,'bolazzi_cristina',2,1,1,14,NULL,NULL),(159,'Andrea','Cassarino',NULL,'M','$2y$12$XL5lX9A3QkkmMj7a1St2MOoc5nTaB9qbOMRYRPMAkk4bbL1ku1kPq',NULL,NULL,NULL,'1973-12-28','TEMP002',NULL,'10006030','Fratelli Sollecito 1D','Augusta',89017,NULL,1,1,1,38,'2026-01-07 15:48:45','2026-01-08 08:17:52');
/*!40000 ALTER TABLE `users` ENABLE KEYS */;
UNLOCK TABLES;

--
-- Dumping routines for database 'sara'
--
/*!40103 SET TIME_ZONE=@OLD_TIME_ZONE */;

/*!40101 SET SQL_MODE=@OLD_SQL_MODE */;
/*!40014 SET FOREIGN_KEY_CHECKS=@OLD_FOREIGN_KEY_CHECKS */;
/*!40014 SET UNIQUE_CHECKS=@OLD_UNIQUE_CHECKS */;
/*!40101 SET CHARACTER_SET_CLIENT=@OLD_CHARACTER_SET_CLIENT */;
/*!40101 SET CHARACTER_SET_RESULTS=@OLD_CHARACTER_SET_RESULTS */;
/*!40101 SET COLLATION_CONNECTION=@OLD_COLLATION_CONNECTION */;
/*!40111 SET SQL_NOTES=@OLD_SQL_NOTES */;
